Temps(ms);Tension(V)
0;9,13
100;9,46
200;9,17
300;9,63
400;9,34
500;9,63
600;9,61
700;9,64
800;9,22
900;9,67
1000;9,27
1100;9,63
1200;9,65
1300;9,26
1400;9,67
1500;9,28
1600;9,23
1700;9,4
1800;9,55
1900;9,6
2000;9,6
2100;9,32
2200;9,34
2300;9,37
2400;9,24
2500;9,63
2600;9,71
2700;9,72
2800;9,67
2900;9,55
3000;9,44
3100;9,67
3200;9,63
3300;9,61
3400;9,72
3500;9,68
3600;9,67
3700;9,59
3800;9,26
3900;9,34
4000;9,55
4100;9,51
4200;9,34
4300;9,71
4400;9,24
4500;9,6
4600;9,73
4700;9,67
4800;9,63
4900;9,61
5000;9,65
5100;9,31
5200;9,34
5300;9,48
5400;9,57
5500;9,73
5600;9,67
5700;9,31
5800;9,36
5900;9,26
6000;9,62
6100;9,76
6200;9,57
6300;9,27
6400;9,28
6500;9,35
6600;9,35
6700;9,71
6800;9,31
6900;9,64
7000;9,61
7100;9,31
7200;9,46
7300;9,53
7400;9,68
7500;9,22
7600;9,73
7700;9,71
7800;9,31
7900;9,3
8000;9,6
8100;9,53
8200;9,28
8300;9,23
8400;9,22
8500;9,35
8600;9,44
8700;9,73
8800;9,69
8900;9,63
9000;9,59
9100;9,61
9200;9,63
9300;9,63
9400;9,36
9500;9,49
9600;9,74
9700;9,6
9800;9,29
9900;9,58
10000;9,69
10100;9,74
10200;9,73
10300;9,61
10400;9,54
10500;9,34
10600;9,35
10700;9,42
10800;9,62
10900;9,67
11000;9,73
11100;9,61
11200;9,55
11300;9,69
11400;9,25
11500;9,67
11600;9,34
11700;9,22
11800;9,51
11900;9,63
12000;9,68
12100;9,24
12200;9,68
12300;9,32
12400;9,61
12500;9,28
12600;9,63
12700;9,71
12800;9,68
12900;9,72
13000;9,31
13100;9,32
13200;9,45
13300;9,73
13400;9,67
13500;9,3
13600;9,67
13700;9,75
13800;9,55
13900;9,34
14000;9,74
14100;9,3
14200;9,67
14300;9,47
14400;9,73
14500;9,28
14600;9,4
14700;9,72
14800;9,84
14900;9,66
15000;9,55
15100;9,32
15200;9,33
15300;9,7
15400;9,28
15500;9,63
15600;9,53
15700;9,6
15800;9,38
15900;9,31
16000;9,61
16100;9,35
16200;9,7
16300;9,24
16400;9,56
16500;9,66
16600;9,72
16700;9,32
16800;9,63
16900;9,73
17000;9,71
17100;9,42
17200;9,26
17300;9,61
17400;9,65
17500;9,5
17600;9,24
17700;9,69
17800;9,52
17900;9,33
18000;9,73
18100;9,3
18200;9,74
18300;9,42
18400;9,55
18500;9,6
18600;9,32
18700;9,61
18800;9,65
18900;9,34
19000;9,61
19100;9,65
19200;9,32
19300;9,71
19400;9,32
19500;9,56
19600;9,4
19700;9,67
19800;9,55
19900;9,53
20000;9,54
20100;9,73
20200;9,42
20300;9,61
20400;9,67
20500;9,75
20600;9,67
20700;9,76
20800;9,61
20900;9,3
21000;9,67
21100;9,51
21200;9,57
21300;9,39
21400;9,68
21500;9,48
21600;9,54
21700;9,69
21800;9,31
21900;9,59
22000;9,73
22100;9,71
22200;9,73
22300;9,73
22400;9,61
22500;9,61
22600;9,43
22700;9,71
22800;9,67
22900;9,59
23000;9,51
23100;9,6
23200;9,44
23300;9,57
23400;9,63
23500;9,57
23600;9,2
23700;9,56
23800;9,46
23900;9,61
24000;9,61
24100;9,54
24200;9,34
24300;9,71
24400;9,3
24500;9,73
24600;9,37
24700;9,62
24800;9,34
24900;9,75
25000;9,43
25100;9,65
25200;9,75
25300;9,3
25400;9,73
25500;9,41
25600;9,35
25700;9,67
25800;9,61
25900;9,69
26000;9,49
26100;9,42
26200;9,73
26300;9,29
26400;9,67
26500;9,28
26600;9,65
26700;9,68
26800;9,61
26900;9,63
27000;9,59
27100;9,42
27200;9,23
27300;9,23
27400;9,43
27500;9,61
27600;9,67
27700;9,56
27800;9,3
27900;9,65
28000;9,67
28100;9,57
28200;9,73
28300;9,39
28400;9,71
28500;9,55
28600;9,34
28700;9,63
28800;9,52
28900;9,6
29000;9,6
29100;9,65
29200;9,41
29300;9,73
29400;9,39
29500;9,66
29600;9,52
29700;9,63
29800;9,67
29900;9,38
30000;9,47
30100;9,73
30200;9,31
30300;9,71
30400;9,45
30500;9,73
30600;9,71
30700;9,24
30800;9,52
30900;9,3
31000;9,28
31100;9,21
31200;9,47
31300;9,5
31400;9,63
31500;9,34
31600;9,59
31700;9,69
31800;9,22
31900;9,71
32000;9,35
32100;9,63
32200;9,52
32300;9,27
32400;9,61
32500;9,55
32600;9,66
32700;9,65
32800;9,29
32900;9,76
33000;9,65
33100;9,3
33200;9,36
33300;9,73
33400;9,41
33500;9,63
33600;9,72
33700;9,28
33800;9,73
33900;9,5
34000;9,53
34100;9,59
34200;9,29
34300;9,75
34400;9,47
34500;9,62
34600;9,61
34700;9,57
34800;9,53
34900;9,73
35000;9,4
35100;9,44
35200;9,73
35300;9,29
35400;9,44
35500;9,67
35600;9,58
35700;9,66
35800;9,25
35900;9,63
36000;9,59
36100;9,46
36200;9,68
36300;9,24
36400;9,53
36500;9,69
36600;9,67
36700;9,48
36800;9,61
36900;9,57
37000;9,28
37100;9,34
37200;9,55
37300;9,31
37400;9,75
37500;9,5
37600;9,28
37700;9,71
37800;9,25
37900;9,8
38000;9,29
38100;9,75
38200;9,48
38300;9,46
38400;9,73
38500;9,61
38600;9,29
38700;9,42
38800;9,71
38900;9,75
39000;9,6
39100;9,32
39200;9,73
39300;9,64
39400;9,28
39500;9,73
39600;9,32
39700;9,73
39800;9,5
39900;9,61
40000;9,4
40100;9,71
40200;9,28
40300;9,62
40400;9,75
40500;9,64
40600;9,24
40700;9,7
40800;9,26
40900;9,69
41000;9,44
41100;9,55
41200;9,73
41300;9,31
41400;9,6
41500;9,68
41600;9,48
41700;9,3
41800;9,63
41900;9,47
42000;9,69
42100;9,72
42200;9,35
42300;9,48
42400;9,32
42500;9,3
42600;9,51
42700;9,42
42800;9,73
42900;9,68
43000;9,73
43100;9,53
43200;9,29
43300;9,34
43400;9,54
43500;9,71
43600;9,52
43700;9,56
43800;9,4
43900;9,74
44000;9,28
44100;9,71
44200;9,67
44300;9,3
44400;9,54
44500;9,7
44600;9,33
44700;9,28
44800;9,72
44900;9,72
45000;9,36
45100;9,56
45200;9,24
45300;9,61
45400;9,72
45500;9,48
45600;9,25
45700;9,45
45800;9,65
45900;9,67
46000;9,65
46100;9,58
46200;9,55
46300;9,25
46400;9,25
46500;9,63
46600;9,55
46700;9,41
46800;9,67
46900;9,7
47000;9,35
47100;9,22
47200;9,37
47300;9,65
47400;9,72
47500;9,75
47600;9,52
47700;9,45
47800;9,74
47900;9,29
48000;9,48
48100;9,66
48200;9,26
48300;9,28
48400;9,4
48500;9,55
48600;9,6
48700;9,72
48800;9,31
48900;9,73
49000;9,28
49100;9,69
49200;9,68
49300;9,6
49400;9,24
49500;9,44
49600;9,68
49700;9,35
49800;9,71
49900;9,25
50000;9,63
50100;9,69
50200;9,32
50300;9,65
50400;9,26
50500;9,73
50600;9,23
50700;9,62
50800;9,23
50900;9,34
51000;9,54
51100;9,29
51200;9,73
51300;9,33
51400;9,75
51500;9,52
51600;9,27
51700;9,59
51800;9,7
51900;9,25
52000;9,44
52100;9,74
52200;9,73
52300;9,53
52400;9,31
52500;9,73
52600;9,63
52700;9,35
52800;9,31
52900;9,34
53000;9,58
53100;9,26
53200;9,28
53300;9,3
53400;9,45
53500;9,67
53600;9,51
53700;9,24
53800;9,54
53900;9,69
54000;9,68
54100;9,7
54200;9,62
54300;9,71
54400;9,58
54500;9,66
54600;9,71
54700;9,65
54800;9,34
54900;9,22
55000;9,3
55100;9,5
55200;9,3
55300;9,53
55400;9,25
55500;9,59
55600;9,35
55700;9,74
55800;9,73
55900;9,62
56000;9,28
56100;9,26
56200;9,34
56300;9,55
56400;9,73
56500;9,71
56600;9,67
56700;9,59
56800;9,29
56900;9,34
57000;9,48
57100;9,67
57200;9,76
57300;9,73
57400;9,67
57500;9,35
57600;9,37
57700;9,73
57800;9,29
57900;9,73
58000;9,39
58100;9,47
58200;9,73
58300;9,61
58400;9,44
58500;9,34
58600;9,24
58700;9,29
58800;9,32
58900;9,56
59000;9,67
59100;9,46
59200;9,3
59300;9,65
59400;9,69
59500;9,68
59600;9,61
59700;9,22
59800;9,6
59900;9,48
60000;9,6
60100;9,29
60200;9,72
60300;9,36
60400;9,7
60500;9,71
60600;9,28
60700;9,73
60800;9,71
60900;9,46
61000;9,29
61100;9,66
61200;9,28
61300;9,62
61400;9,73
61500;9,68
61600;9,64
61700;9,33
61800;9,27
61900;9,55
62000;9,74
62100;9,5
62200;9,3
62300;9,73
62400;9,63
62500;9,37
62600;9,67
62700;9,68
62800;9,67
62900;9,35
63000;9,42
63100;9,25
63200;9,58
63300;9,68
63400;9,59
63500;9,35
63600;9,32
63700;9,23
63800;9,63
63900;9,71
64000;9,55
64100;9,38
64200;9,23
64300;9,47
64400;9,44
64500;9,8
64600;9,29
64700;9,29
64800;9,65
64900;9,73
65000;9,33
65100;9,69
65200;9,31
65300;9,73
65400;9,33
65500;9,72
65600;9,3
65700;9,55
65800;9,79
65900;9,3
66000;9,48
66100;9,65
66200;9,73
66300;9,68
66400;9,55
66500;9,53
66600;9,51
66700;9,28
66800;9,62
66900;9,69
67000;9,69
67100;9,66
67200;9,72
67300;9,28
67400;9,61
67500;9,65
67600;9,44
67700;9,28
67800;9,67
67900;9,29
68000;9,73
68100;9,3
68200;9,57
68300;9,49
68400;9,35
68500;9,48
68600;9,24
68700;9,71
68800;9,3
68900;9,53
69000;9,44
69100;9,68
69200;9,32
69300;9,69
69400;9,51
69500;9,71
69600;9,68
69700;9,61
69800;9,73
69900;9,73
70000;9,67
70100;9,4
70200;9,57
70300;9,74
70400;9,35
70500;9,75
70600;9,33
70700;9,71
70800;9,34
70900;9,37
71000;9,69
71100;9,28
71200;9,64
71300;9,62
71400;9,29
71500;9,61
71600;9,68
71700;9,72
71800;9,25
71900;9,52
72000;9,66
72100;9,56
72200;9,43
72300;9,29
72400;9,24
72500;9,61
72600;9,6
72700;9,66
72800;9,58
72900;9,57
73000;9,66
73100;9,66
73200;9,66
73300;9,48
73400;9,73
73500;9,74
73600;9,7
73700;9,6
73800;9,61
73900;9,37
74000;9,38
74100;9,35
74200;9,28
74300;9,32
74400;9,52
74500;9,57
74600;9,77
74700;9,38
74800;9,61
74900;9,73
75000;9,61
75100;9,65
75200;9,72
75300;9,41
75400;9,3
75500;9,62
75600;9,73
75700;9,75
75800;9,75
75900;9,69
76000;9,26
76100;9,65
76200;9,26
76300;9,23
76400;9,36
76500;9,61
76600;9,69
76700;9,66
76800;9,64
76900;9,59
77000;9,68
77100;9,54
77200;9,67
77300;9,26
77400;9,27
77500;9,4
77600;9,69
77700;9,66
77800;9,27
77900;9,3
78000;9,55
78100;9,63
78200;9,34
78300;9,73
78400;9,31
78500;9,61
78600;9,49
78700;9,66
78800;9,3
78900;9,73
79000;9,42
79100;9,36
79200;9,73
79300;9,34
79400;9,69
79500;9,31
79600;9,42
79700;9,58
79800;9,69
79900;9,75
80000;9,55
80100;9,72
80200;9,68
80300;9,72
80400;9,58
80500;9,59
80600;9,23
80700;9,64
80800;9,45
80900;9,34
81000;9,62
81100;9,48
81200;9,21
81300;9,42
81400;9,67
81500;9,27
81600;9,46
81700;9,67
81800;9,58
81900;9,71
82000;9,54
82100;9,34
82200;9,28
82300;9,86
82400;9,31
82500;9,73
82600;9,48
82700;9,33
82800;9,73
82900;9,28
83000;9,74
83100;9,28
83200;9,67
83300;9,63
83400;9,28
83500;9,7
83600;9,62
83700;9,37
83800;9,72
83900;9,33
84000;9,74
84100;9,43
84200;9,5
84300;9,71
84400;9,26
84500;9,75
84600;9,3
84700;9,73
84800;9,3
84900;9,59
85000;9,6
85100;9,28
85200;9,55
85300;9,65
85400;9,63
85500;9,61
85600;9,52
85700;9,66
85800;9,31
85900;9,66
86000;9,45
86100;9,65
86200;9,31
86300;9,65
86400;9,46
86500;9,63
86600;9,63
86700;9,53
86800;9,8
86900;9,66
87000;9,84
87100;9,28
87200;9,33
87300;9,43
87400;9,74
87500;9,32
87600;9,71
87700;9,71
87800;9,35
87900;9,42
88000;9,73
88100;9,67
88200;9,33
88300;9,5
88400;9,73
88500;9,75
88600;9,75
88700;9,73
88800;9,39
88900;9,44
89000;9,72
89100;9,34
89200;9,7
89300;9,69
89400;9,35
89500;9,52
89600;9,48
89700;9,65
89800;9,36
89900;9,28
90000;9,6
90100;9,73
90200;9,48
90300;9,35
90400;9,52
90500;9,65
90600;9,42
90700;9,61
90800;9,69
90900;9,45
91000;9,27
91100;9,65
91200;9,57
91300;9,67
91400;9,51
91500;9,28
91600;9,34
91700;9,29
91800;9,29
91900;9,3
92000;9,35
92100;9,61
92200;9,78
92300;9,31
92400;9,71
92500;9,34
92600;9,71
92700;9,36
92800;9,34
92900;9,39
93000;9,45
93100;9,52
93200;9,29
93300;9,3
93400;9,48
93500;9,31
93600;9,29
93700;9,67
93800;9,71
93900;9,67
94000;9,61
94100;9,26
94200;9,31
94300;9,71
94400;9,24
94500;9,7
94600;9,27
94700;9,59
94800;9,58
94900;9,25
95000;9,6
95100;9,61
95200;9,23
95300;9,58
95400;9,61
95500;9,4
95600;9,24
95700;9,63
95800;9,73
95900;9,53
96000;9,4
96100;9,34
96200;9,32
96300;9,28
96400;9,54
96500;9,59
96600;9,6
96700;9,74
96800;9,75
96900;9,7
97000;10,04
97100;9,66
97200;9,78
97300;9,75
97400;9,76
97500;9,69
97600;9,4
97700;9,6
97800;9,36
97900;9,69
98000;9,48
98100;9,61
98200;9,67
98300;9,35
98400;9,73
98500;9,61
98600;9,32
98700;9,74
98800;9,3
98900;9,53
99000;9,63
99100;9,56
99200;9,54
99300;9,37
99400;9,66
99500;9,22
99600;9,74
99700;9,24
99800;9,48
99900;9,54
100000;9,28
100100;9,65
100200;9,21
100300;9,62
100400;9,28
100500;9,28
100600;9,71
100700;9,49
100800;9,28
100900;9,71
101000;9,48
101100;9,4
101200;9,62
101300;9,75
101400;9,61
101500;9,35
101600;9,7
101700;9,59
101800;9,28
101900;9,53
102000;9,71
102100;9,46
102200;9,71
102300;9,67
102400;9,58
102500;9,65
102600;9,75
102700;9,69
102800;9,38
102900;9,32
103000;9,73
103100;9,61
103200;9,35
103300;9,37
103400;9,71
103500;9,67
103600;9,44
103700;9,26
103800;9,53
103900;9,54
104000;9,34
104100;9,27
104200;9,34
104300;9,73
104400;9,6
104500;9,22
104600;9,24
104700;9,26
104800;9,44
104900;9,59
105000;9,69
105100;9,58
105200;9,46
105300;9,28
105400;9,71
105500;9,36
105600;9,42
105700;9,38
105800;9,75
105900;9,58
106000;9,39
106100;9,3
106200;9,34
106300;9,56
106400;9,66
106500;9,74
106600;9,6
106700;9,32
106800;9,28
106900;9,36
107000;9,65
107100;9,73
107200;9,61
107300;9,28
107400;9,54
107500;9,73
107600;9,61
107700;9,34
107800;9,63
107900;9,76
108000;9,55
108100;9,35
108200;9,28
108300;9,29
108400;9,57
108500;9,72
108600;9,62
108700;9,26
108800;9,69
108900;9,44
109000;9,68
109100;9,34
109200;9,73
109300;9,29
109400;9,52
109500;9,73
109600;9,7
109700;9,55
109800;9,41
109900;9,61
110000;9,64
110100;9,23
110200;9,55
110300;9,69
110400;9,39
110500;9,22
110600;9,62
110700;9,62
110800;9,59
110900;9,26
111000;9,3
111100;9,21
111200;9,2
111300;9,65
111400;9,27
111500;9,6
111600;9,46
111700;9,74
111800;9,64
111900;9,71
112000;9,31
112100;9,69
112200;9,59
112300;9,36
112400;9,78
112500;9,51
112600;9,47
112700;9,69
112800;9,69
112900;9,28
113000;9,73
113100;9,66
113200;9,46
113300;9,3
113400;9,55
113500;9,71
113600;9,73
113700;9,62
113800;9,55
113900;9,55
114000;9,48
114100;9,52
114200;9,36
114300;9,61
114400;9,58
114500;9,35
114600;9,6
114700;9,27
114800;9,38
114900;9,21
115000;9,28
115100;9,28
115200;9,35
115300;9,48
115400;9,64
115500;9,63
115600;9,67
115700;9,63
115800;9,57
115900;9,41
116000;9,28
116100;9,68
116200;9,73
116300;9,65
116400;9,55
116500;9,64
116600;9,43
116700;9,7
116800;9,67
116900;9,71
117000;9,74
117100;9,72
117200;9,72
117300;9,79
117400;9,71
117500;9,38
117600;9,65
117700;9,37
117800;9,65
117900;9,54
118000;9,67
118100;9,67
118200;9,65
118300;9,61
118400;9,35
118500;9,3
118600;9,55
118700;9,69
118800;9,71
118900;9,71
119000;9,65
119100;9,61
119200;9,29
119300;9,63
119400;9,25
119500;9,59
119600;9,63
119700;9,54
119800;9,27
119900;9,3
120000;9,61
120100;9,21
120200;9,26
120300;9,24
120400;9,54
120500;9,24
120600;9,63
120700;9,24
120800;9,67
120900;9,39
121000;9,7
121100;9,49
121200;9,4
121300;9,28
121400;9,28
121500;9,32
121600;9,46
121700;9,72
121800;9,68
121900;9,3
122000;9,5
122100;9,72
122200;9,28
122300;9,48
122400;9,36
122500;9,52
122600;9,34
122700;9,61
122800;9,61
122900;9,57
123000;9,61
123100;9,28
123200;9,61
123300;9,46
123400;9,61
123500;9,71
123600;9,66
123700;9,56
123800;9,26
123900;9,21
124000;9,28
124100;9,55
124200;9,27
124300;9,3
124400;9,26
124500;9,33
124600;9,34
124700;9,5
124800;9,48
124900;9,54
125000;9,61
125100;9,72
125200;9,28
125300;9,7
125400;9,55
125500;9,51
125600;9,28
125700;9,48
125800;9,5
125900;9,54
126000;9,61
126100;9,61
126200;9,59
126300;9,73
126400;9,72
126500;9,29
126600;9,33
126700;9,4
126800;9,57
126900;9,67
127000;9,73
127100;9,3
127200;9,66
127300;9,71
127400;9,61
127500;9,54
127600;9,57
127700;9,46
127800;9,34
127900;9,49
128000;9,39
128100;9,44
128200;9,19
128300;9,28
128400;9,66
128500;9,42
128600;9,22
128700;9,29
128800;9,38
128900;9,66
129000;9,65
129100;9,63
129200;9,61
129300;9,38
129400;9,25
129500;9,44
129600;9,69
129700;9,33
129800;9,73
129900;9,67
130000;9,6
130100;9,31
130200;9,39
130300;9,35
130400;9,29
130500;9,54
130600;9,72
130700;9,35
130800;9,63
130900;9,36
131000;9,67
131100;9,36
131200;9,73
131300;9,44
131400;9,42
131500;9,72
131600;9,35
131700;9,66
131800;9,42
131900;9,66
132000;9,35
132100;9,68
132200;9,72
132300;9,32
132400;9,65
132500;9,51
132600;9,61
132700;9,61
132800;9,65
132900;9,4
133000;9,23
133100;9,37
133200;9,44
133300;9,24
133400;9,22
133500;9,19
133600;9,22
133700;9,62
133800;9,54
133900;9,63
134000;9,4
134100;9,53
134200;9,78
134300;9,6
134400;9,31
134500;9,75
134600;9,72
134700;9,33
134800;9,63
134900;9,61
135000;9,44
135100;9,7
135200;9,5
135300;9,45
135400;9,48
135500;9,52
135600;9,53
135700;9,51
135800;9,58
135900;9,63
136000;9,67
136100;9,72
136200;9,71
136300;9,64
136400;9,52
136500;9,42
136600;9,46
136700;9,35
136800;9,31
136900;9,43
137000;9,29
137100;9,52
137200;9,26
137300;9,72
137400;9,25
137500;9,55
137600;9,61
137700;9,47
137800;9,34
137900;9,52
138000;9,57
138100;9,34
138200;9,67
138300;9,62
138400;9,43
138500;9,55
138600;9,65
138700;9,6
138800;9,42
138900;9,63
139000;9,31
139100;9,67
139200;9,47
139300;9,3
139400;9,34
139500;9,76
139600;9,33
139700;9,73
139800;9,66
139900;9,7
140000;9,36
140100;9,61
140200;9,68
140300;9,3
140400;9,68
140500;9,72
140600;9,65
140700;9,5
140800;9,3
140900;9,32
141000;9,35
141100;9,31
141200;9,81
141300;9,39
141400;9,44
141500;9,63
141600;9,47
141700;9,67
141800;9,61
141900;9,63
142000;9,59
142100;9,51
142200;9,42
142300;9,5
142400;9,23
142500;9,24
142600;9,22
142700;9,28
142800;9,5
142900;9,57
143000;9,34
143100;9,35
143200;9,71
143300;9,35
143400;9,61
143500;9,5
143600;9,73
143700;9,55
143800;9,27
143900;9,35
144000;9,66
144100;9,69
144200;9,28
144300;9,61
144400;9,74
144500;9,62
144600;9,34
144700;9,7
144800;9,48
144900;9,52
145000;9,75
145100;9,36
145200;9,67
145300;9,28
145400;9,71
145500;9,38
145600;9,48
145700;9,27
145800;9,35
145900;9,66
146000;9,44
146100;9,3
146200;9,67
146300;9,48
146400;9,42
146500;9,61
146600;9,28
146700;9,6
146800;9,68
146900;9,42
147000;9,22
147100;9,17
147200;9,52
147300;9,61
147400;9,68
147500;9,58
147600;9,67
147700;9,73
147800;9,51
147900;9,31
148000;9,33
148100;9,73
148200;9,6
148300;9,26
148400;9,28
148500;9,48
148600;9,28
148700;9,48
148800;9,59
148900;9,59
149000;9,66
149100;9,72
149200;9,78
149300;9,71
149400;9,68
149500;9,66
149600;9,73
149700;9,61
149800;9,33
149900;9,42
150000;9,32
150100;9,36
150200;9,74
150300;9,37
150400;9,47
150500;9,66
150600;9,19
150700;9,66
150800;9,65
150900;9,59
151000;9,58
151100;9,39
151200;9,53
151300;9,69
151400;9,67
151500;9,22
151600;9,17
151700;9,26
151800;9,33
151900;9,33
152000;9,28
152100;9,72
152200;9,29
152300;9,55
152400;9,57
152500;9,54
152600;9,68
152700;9,55
152800;9,54
152900;9,67
153000;9,4
153100;9,68
153200;9,47
153300;9,54
153400;9,76
153500;9,56
153600;9,34
153700;9,55
153800;9,73
153900;9,73
154000;9,58
154100;9,35
154200;9,41
154300;9,25
154400;9,28
154500;9,71
154600;9,42
154700;9,32
154800;9,66
154900;9,23
155000;9,54
155100;9,66
155200;9,69
155300;9,66
155400;9,4
155500;9,28
155600;9,59
155700;9,68
155800;9,57
155900;9,28
156000;9,26
156100;9,25
156200;9,67
156300;9,6
156400;9,4
156500;9,76
156600;9,57
156700;9,33
156800;9,72
156900;9,67
157000;9,4
157100;9,33
157200;9,43
157300;9,3
157400;9,26
157500;9,31
157600;9,26
157700;9,3
157800;9,28
157900;9,26
158000;9,4
158100;9,63
158200;9,71
158300;9,6
158400;9,34
158500;9,37
158600;9,68
158700;9,55
158800;9,43
158900;9,28
159000;9,24
159100;9,24
159200;9,61
159300;9,65
159400;9,09
159500;9,62
159600;9,65
159700;9,41
159800;9,65
159900;9,62
160000;9,61
160100;9,61
160200;9,67
160300;9,66
160400;9,35
160500;9,67
160600;9,28
160700;9,37
160800;9,27
160900;9,35
161000;9,26
161100;9,35
161200;9,69
161300;9,67
161400;9,54
161500;9,48
161600;9,3
161700;9,35
161800;9,3
161900;9,25
162000;9,28
162100;9,4
162200;9,42
162300;9,28
162400;9,28
162500;9,28
162600;9,35
162700;9,42
162800;9,6
162900;9,53
163000;9,74
163100;9,75
163200;9,73
163300;9,65
163400;9,46
163500;9,25
163600;9,28
163700;9,31
163800;9,6
163900;9,61
164000;9,44
164100;9,61
164200;9,69
164300;9,22
164400;9,39
164500;9,55
164600;9,61
164700;9,61
164800;9,16
164900;9,32
165000;9,48
165100;9,67
165200;9,47
165300;9,69
165400;9,46
165500;9,73
165600;9,72
165700;9,54
165800;9,3
165900;9,41
166000;9,49
166100;9,7
166200;9,74
166300;9,68
166400;9,39
166500;9,26
166600;9,47
166700;9,69
166800;9,71
166900;9,73
167000;9,59
167100;9,46
167200;9,49
167300;9,27
167400;9,41
167500;9,35
167600;9,48
167700;9,26
167800;9,6
167900;9,31
168000;9,25
168100;9,7
168200;9,64
168300;9,6
168400;9,57
168500;9,67
168600;9,62
168700;9,54
168800;9,37
168900;9,22
169000;9,3
169100;9,58
169200;9,55
169300;9,19
169400;9,35
169500;9,28
169600;9,41
169700;9,63
169800;9,61
169900;9,55
170000;9,24
170100;9,32
170200;9,61
170300;9,63
170400;9,73
170500;9,7
170600;9,51
170700;9,28
170800;9,34
170900;9,69
171000;9,73
171100;9,64
171200;9,61
171300;9,45
171400;9,26
171500;9,44
171600;9,3
171700;9,43
171800;9,3
171900;9,28
172000;9,69
172100;9,73
172200;9,58
172300;9,61
172400;9,57
172500;9,74
172600;9,63
172700;9,38
172800;9,71
172900;9,53
173000;9,67
173100;9,38
173200;9,63
173300;9,16
173400;9,68
173500;9,5
173600;9,33
173700;9,64
173800;9,31
173900;9,61
174000;9,71
174100;9,49
174200;9,22
174300;9,21
174400;9,55
174500;9,73
174600;9,52
174700;9,73
174800;9,71
174900;9,67
175000;9,42
175100;9,54
175200;9,65
175300;9,36
175400;9,6
175500;9,47
175600;9,31
175700;9,71
175800;9,66
175900;9,28
176000;9,7
176100;9,72
176200;9,47
176300;9,29
176400;9,36
176500;9,29
176600;9,61
176700;9,77
176800;9,73
176900;9,68
177000;9,73
177100;9,73
177200;9,25
177300;9,54
177400;9,22
177500;9,63
177600;9,54
177700;9,36
177800;9,59
177900;9,73
178000;9,56
178100;9,65
178200;9,63
178300;9,62
178400;9,45
178500;9,16
178600;9,22
178700;9,65
178800;9,67
178900;9,42
179000;9,58
179100;9,44
179200;9,69
179300;9,61
179400;9,28
179500;9,73
179600;9,48
179700;9,65
179800;9,59
179900;9,53
180000;9,66
180100;9,33
180200;9,75
180300;9,4
180400;9,61
180500;9,59
180600;9,3
180700;9,73
180800;9,28
180900;9,74
181000;9,48
181100;9,55
181200;9,66
181300;9,29
181400;9,71
181500;9,66
181600;9,61
181700;9,71
181800;9,65
181900;9,67
182000;9,31
182100;9,66
182200;9,63
182300;9,63
182400;9,61
182500;9,41
182600;9,24
182700;9,22
182800;9,3
182900;9,2
183000;9,26
183100;9,09
183200;9,22
183300;9,25
183400;9,24
183500;9,45
183600;9,73
183700;9,47
183800;9,68
183900;9,71
184000;9,69
184100;9,23
184200;9,73
184300;9,35
184400;9,67
184500;9,39
184600;9,69
184700;9,54
184800;9,59
184900;9,54
185000;9,41
185100;9,72
185200;9,35
185300;9,75
185400;9,49
185500;9,34
185600;9,76
185700;9,73
185800;9,28
185900;9,31
186000;9,69
186100;9,69
186200;9,67
186300;9,69
186400;9,22
186500;9,26
186600;9,22
186700;9,65
186800;9,57
186900;9,3
187000;9,63
187100;9,2
187200;9,35
187300;9,6
187400;9,35
187500;9,62
187600;9,21
187700;9,58
187800;9,48
187900;9,72
188000;9,45
188100;9,33
188200;9,52
188300;9,55
188400;9,27
188500;9,46
188600;9,5
188700;9,31
188800;9,51
188900;9,72
189000;9,63
189100;9,27
189200;9,74
189300;9,68
189400;9,3
189500;9,61
189600;9,73
189700;9,44
189800;9,53
189900;9,69
190000;9,49
190100;9,67
190200;9,35
190300;9,73
190400;9,26
190500;9,74
190600;9,73
190700;9,7
190800;9,64
190900;9,51
191000;9,71
191100;9,41
191200;9,35
191300;9,51
191400;9,48
191500;9,15
191600;9,53
191700;9,37
191800;9,28
191900;9,23
192000;9,16
192100;9,15
192200;9,21
192300;9,19
192400;9,6
192500;9,67
192600;9,69
192700;9,75
192800;9,32
192900;9,73
193000;9,32
193100;9,76
193200;9,28
193300;9,72
193400;9,55
193500;9,39
193600;9,71
193700;9,31
193800;9,62
193900;9,74
194000;9,36
194100;9,51
194200;9,67
194300;9,48
194400;9,33
194500;9,75
194600;9,39
194700;9,49
194800;9,76
194900;9,74
195000;9,68
195100;9,63
195200;9,71
195300;9,61
195400;9,7
195500;9,4
195600;9,22
195700;9,67
195800;9,16
195900;9,61
196000;9,38
196100;9,58
196200;9,63
196300;9,44
196400;9,24
196500;9,24
196600;9,53
196700;9,48
196800;9,61
196900;9,63
197000;9,75
197100;9,6
197200;9,35
197300;9,62
197400;9,64
197500;9,33
197600;9,61
197700;9,74
197800;9,57
197900;9,33
198000;9,63
198100;9,73
198200;9,71
198300;9,73
198400;9,7
198500;9,77
198600;9,3
198700;9,35
198800;9,75
198900;9,63
199000;9,36
199100;9,42
199200;9,51
199300;9,71
199400;9,61
199500;9,57
199600;9,68
199700;9,42
199800;9,24
199900;9,22
200000;9,65
200100;9,65
200200;9,46
200300;9,36
200400;9,48
200500;9,63
200600;9,2
200700;9,63
200800;9,22
200900;9,46
201000;9,67
201100;9,18
201200;9,22
201300;9,54
201400;9,56
201500;9,63
201600;9,33
201700;9,38
201800;9,67
201900;9,55
202000;9,54
202100;9,32
202200;9,35
202300;9,48
202400;9,68
202500;9,75
202600;9,6
202700;9,28
202800;9,71
202900;9,34
203000;9,69
203100;9,67
203200;9,35
203300;9,78
203400;9,65
203500;9,3
203600;9,67
203700;9,75
203800;9,53
203900;9,69
204000;9,33
204100;9,68
204200;9,68
204300;9,72
204400;9,31
204500;9,34
204600;9,22
204700;9,35
204800;9,61
204900;9,25
205000;9,55
205100;9,61
205200;9,51
205300;9,26
205400;9,62
205500;9,19
205600;9,59
205700;9,16
205800;9,3
205900;9,26
206000;9,3
206100;9,73
206200;9,73
206300;9,76
206400;9,63
206500;9,34
206600;9,53
206700;9,78
206800;9,45
206900;9,5
207000;9,78
207100;9,41
207200;9,61
207300;9,49
207400;9,63
207500;9,69
207600;9,48
207700;9,71
207800;9,4
207900;9,54
208000;9,76
208100;9,63
208200;9,28
208300;9,62
208400;9,73
208500;9,65
208600;9,67
208700;9,66
208800;9,51
208900;9,7
209000;9,54
209100;9,19
209200;9,23
209300;9,56
209400;9,59
209500;9,49
209600;9,17
209700;9,22
209800;9,59
209900;9,22
210000;9,63
210100;9,65
210200;9,67
210300;9,45
210400;9,45
210500;9,28
210600;9,61
210700;9,74
210800;9,73
210900;9,74
211000;9,72
211100;9,78
211200;9,74
211300;9,69
211400;9,69
211500;9,49
211600;9,35
211700;9,33
211800;9,64
211900;9,63
212000;9,79
212100;9,71
212200;9,28
212300;9,63
212400;9,7
212500;9,67
212600;9,61
212700;9,48
212800;9,54
212900;9,55
213000;9,73
213100;9,61
213200;9,61
213300;9,61
213400;9,61
213500;9,55
213600;9,6
213700;9,53
213800;9,23
213900;9,61
214000;9,21
214100;9,64
214200;9,55
214300;9,69
214400;9,54
214500;9,16
214600;9,19
214700;9,39
214800;9,45
214900;9,24
215000;9,71
215100;9,31
215200;9,49
215300;9,61
215400;9,63
215500;9,75
215600;9,53
215700;9,34
215800;9,35
215900;9,68
216000;9,69
216100;9,33
216200;9,32
216300;9,75
216400;9,3
216500;9,69
216600;9,61
216700;9,51
216800;9,35
216900;9,53
217000;9,63
217100;9,68
217200;9,74
217300;9,28
217400;9,55
217500;9,34
217600;9,63
217700;9,71
217800;9,65
217900;9,35
218000;9,23
218100;9,42
218200;9,63
218300;9,58
218400;9,65
218500;9,22
218600;9,62
218700;9,22
218800;9,53
218900;9,44
219000;9,48
219100;9,54
219200;9,67
219300;9,22
219400;9,46
219500;9,38
219600;9,37
219700;9,61
219800;9,35
219900;9,53
220000;9,29
220100;9,51
220200;9,51
220300;9,69
220400;9,31
220500;9,76
220600;9,49
220700;9,37
220800;9,54
220900;9,66
221000;9,49
221100;9,3
221200;9,68
221300;9,58
221400;9,47
221500;9,61
221600;9,72
221700;9,39
221800;9,58
221900;9,74
222000;9,58
222100;9,26
222200;9,3
222300;9,69
222400;9,73
222500;9,54
222600;9,68
222700;9,28
222800;9,27
222900;9,2
223000;9,48
223100;9,22
223200;9,26
223300;9,44
223400;9,61
223500;9,6
223600;9,55
223700;9,47
223800;9,24
223900;9,21
224000;9,28
224100;9,52
224200;9,65
224300;9,65
224400;9,48
224500;9,15
224600;9,61
224700;9,43
224800;9,39
224900;9,64
225000;9,45
225100;9,19
225200;9,18
225300;9,53
225400;9,67
225500;9,47
225600;9,35
225700;9,59
225800;9,44
225900;9,22
226000;9,65
226100;9,67
226200;9,76
226300;9,35
226400;9,68
226500;9,29
226600;9,74
226700;9,29
226800;9,72
226900;9,43
227000;9,6
227100;9,61
227200;9,67
227300;9,4
227400;9,73
227500;9,29
227600;9,64
227700;9,49
227800;9,62
227900;9,74
228000;9,38
228100;9,3
228200;9,58
228300;9,58
228400;9,27
228500;9,28
228600;9,4
228700;9,69
228800;9,74
228900;9,6
229000;9,32
229100;9,45
229200;9,28
229300;9,28
229400;9,31
229500;9,26
229600;9,43
229700;9,76
229800;9,24
229900;9,69
230000;9,79
230100;9,35
230200;9,61
230300;9,51
230400;9,32
230500;9,53
230600;9,55
230700;9,47
230800;9,55
230900;9,57
231000;9,58
231100;9,21
231200;9,19
231300;9,55
231400;9,61
231500;9,15
231600;9,65
231700;9,18
231800;9,61
231900;9,36
232000;9,63
232100;9,12
232200;9,57
232300;9,22
232400;9,47
232500;9,46
232600;9,7
232700;9,22
232800;9,74
232900;9,33
233000;9,48
233100;9,69
233200;9,27
233300;9,39
233400;9,55
233500;9,68
233600;9,68
233700;9,29
233800;9,34
233900;9,73
234000;9,34
234100;9,48
234200;9,71
234300;9,76
234400;9,68
234500;9,62
234600;9,42
234700;9,42
234800;9,71
234900;9,6
235000;9,3
235100;9,4
235200;9,73
235300;9,73
235400;9,63
235500;9,63
235600;9,36
235700;9,26
235800;9,28
235900;9,33
236000;9,36
236100;9,49
236200;9,47
236300;9,62
236400;9,48
236500;9,57
236600;9,45
236700;9,56
236800;9,5
236900;9,53
237000;9,42
237100;9,41
237200;9,38
237300;9,43
237400;9,29
237500;9,36
237600;9,31
237700;9,64
237800;9,67
237900;9,76
238000;9,73
238100;9,37
238200;9,36
238300;9,35
238400;9,73
238500;9,73
238600;9,42
238700;9,3
238800;9,59
238900;9,76
239000;9,62
239100;9,3
239200;9,28
239300;9,61
239400;9,76
239500;9,54
239600;9,28
239700;9,67
239800;9,73
239900;9,52
240000;9,3
240100;9,64
240200;9,67
240300;9,2
240400;9,68
240500;9,71
240600;9,26
240700;9,71
240800;9,6
240900;9,4
241000;9,28
241100;9,3
241200;9,35
241300;9,65
241400;9,44
241500;9,69
241600;9,68
241700;9,45
241800;9,61
241900;9,47
242000;9,55
242100;9,28
242200;9,15
242300;9,19
242400;9,61
242500;9,61
242600;9,55
242700;9,33
242800;9,59
242900;9,53
243000;9,58
243100;9,35
243200;9,11
243300;9,23
243400;9,17
243500;9,3
243600;9,54
243700;9,54
243800;9,52
243900;9,69
244000;9,67
244100;9,69
244200;9,31
244300;9,58
244400;9,61
244500;9,44
244600;9,63
244700;9,71
244800;9,35
244900;9,55
245000;9,29
245100;9,63
245200;9,27
245300;9,35
245400;9,46
245500;9,59
245600;9,66
245700;9,34
245800;9,35
245900;9,29
246000;9,53
246100;9,7
246200;9,73
246300;9,76
246400;9,57
246500;9,31
246600;9,52
246700;9,71
246800;9,76
246900;9,73
247000;9,47
247100;9,48
247200;9,69
247300;9,27
247400;9,49
247500;9,17
247600;9,63
247700;9,22
247800;9,38
247900;9,58
248000;9,22
248100;9,61
248200;9,35
248300;9,21
248400;9,24
248500;9,18
248600;9,41
248700;9,55
248800;9,61
248900;9,51
249000;9,09
249100;9,59
249200;9,61
249300;9,44
249400;9,27
249500;9,26
249600;9,58
249700;9,63
249800;9,61
249900;9,46
250000;9,39
250100;9,61
250200;9,55
250300;9,57
250400;9,43
250500;9,43
250600;9,73
250700;9,66
250800;9,61
250900;9,74
251000;9,63
251100;9,52
251200;9,48
251300;9,65
251400;9,73
251500;9,76
251600;9,71
251700;9,72
251800;9,33
251900;9,68
252000;9,52
252100;9,34
252200;9,67
252300;9,37
252400;9,72
252500;9,35
252600;9,68
252700;9,35
252800;9,73
252900;9,49
253000;9,61
253100;9,25
253200;9,33
253300;9,61
253400;9,22
253500;9,29
253600;9,43
253700;9,61
253800;9,62
253900;9,32
254000;9,55
254100;9,24
254200;9,61
254300;9,23
254400;9,61
254500;9,54
254600;9,34
254700;9,55
254800;9,15
254900;9,64
255000;9,24
255100;9,57
255200;9,2
255300;9,63
255400;9,48
255500;9,43
255600;9,22
255700;9,58
255800;9,63
255900;9,54
256000;9,73
256100;9,68
256200;9,26
256300;9,71
256400;9,68
256500;9,3
256600;9,3
256700;9,56
256800;9,7
256900;9,28
257000;9,7
257100;9,63
257200;9,34
257300;9,42
257400;9,61
257500;9,71
257600;9,73
257700;9,76
257800;9,72
257900;9,71
258000;9,69
258100;9,49
258200;9,33
258300;9,17
258400;9,35
258500;9,42
258600;9,38
258700;9,35
258800;9,61
258900;9,73
259000;9,5
259100;9,57
259200;9,71
259300;9,23
259400;9,67
259500;9,61
259600;9,31
259700;9,53
259800;9,22
259900;9,5
260000;9,61
260100;9,64
260200;9,48
260300;9,53
260400;9,16
260500;9,57
260600;9,54
260700;9,52
260800;9,2
260900;9,34
261000;9,56
261100;9,66
261200;9,66
261300;9,52
261400;9,57
261500;9,22
261600;9,22
261700;9,27
261800;9,54
261900;9,17
262000;9,35
262100;9,35
262200;9,66
262300;9,54
262400;9,32
262500;9,35
262600;9,54
262700;9,76
262800;9,65
262900;9,31
263000;9,7
263100;9,41
263200;9,67
263300;9,29
263400;9,72
263500;9,7
263600;9,66
263700;9,69
263800;9,32
263900;9,32
264000;9,73
264100;9,42
264200;9,32
264300;9,73
264400;9,31
264500;9,76
264600;9,46
264700;9,55
264800;9,69
264900;9,3
265000;9,73
265100;9,3
265200;9,75
265300;9,32
265400;9,67
265500;9,8
265600;9,42
265700;9,39
265800;9,69
265900;9,23
266000;9,6
266100;9,59
266200;8,84
266300;9,69
266400;9,5
266500;9,39
266600;9,67
266700;9,46
266800;9,25
266900;9,61
267000;9,22
267100;9,62
267200;9,21
267300;9,26
267400;9,42
267500;9,47
267600;9,48
267700;9,63
267800;9,17
267900;9,18
268000;9,49
268100;9,5
268200;9,34
268300;9,14
268400;9,53
268500;9,6
268600;9,22
268700;9,22
268800;9,98
268900;9,22
269000;9,65
269100;9,67
269200;9,34
269300;9,65
269400;9,48
269500;9,61
269600;9,34
269700;9,73
269800;9,43
269900;9,39
270000;9,77
270100;9,7
270200;9,32
270300;9,73
270400;9,69
270500;9,54
270600;9,28
270700;9,31
270800;9,34
270900;9,49
271000;9,56
271100;9,54
271200;9,48
271300;9,48
271400;9,5
271500;9,49
271600;9,28
271700;9,31
271800;9,7
271900;9,41
272000;9,48
272100;9,73
272200;9,28
272300;9,73
272400;9,28
272500;9,73
272600;9,36
272700;9,72
272800;9,35
272900;9,73
273000;9,48
273100;9,74
273200;9,65
273300;9,25
273400;9,71
273500;9,24
273600;9,55
273700;9,15
273800;9,46
273900;9,2
274000;9,54
274100;9,14
274200;9,52
274300;9,1
274400;9,58
274500;9,48
274600;9,21
274700;9,55
274800;9,57
274900;9,53
275000;9,39
275100;9,28
275200;9,29
275300;9,22
275400;9,48
275500;9,56
275600;9,25
275700;9,5
275800;9,68
275900;9,63
276000;9,35
276100;9,38
276200;9,72
276300;9,73
276400;9,46
276500;9,27
276600;9,48
276700;9,62
276800;9,73
276900;9,75
277000;9,73
277100;9,76
277200;9,74
277300;9,71
277400;9,69
277500;9,66
277600;9,63
277700;9,35
277800;9,31
277900;9,33
278000;9,61
278100;9,75
278200;9,73
278300;9,69
278400;9,59
278500;9,51
278600;9,32
278700;9,51
278800;9,67
278900;9,09
279000;9,73
279100;9,35
279200;9,65
279300;9,48
279400;9,61
279500;9,61
279600;9,13
279700;9,59
279800;9,61
279900;9,18
280000;9,22
280100;9,5
280200;9,52
280300;9,57
280400;9,48
280500;9,4
280600;9,39
280700;9,09
280800;9,24
280900;9,18
281000;9,23
281100;9,13
281200;9,17
281300;9,6
281400;9,73
281500;9,66
281600;9,35
281700;9,69
281800;9,61
281900;9,3
282000;9,74
282100;9,45
282200;9,54
282300;9,53
282400;9,65
282500;9,31
282600;9,7
282700;9,61
282800;9,25
282900;9,6
283000;9,73
283100;9,31
283200;9,34
283300;9,7
283400;9,6
283500;9,28
283600;9,73
283700;9,63
283800;9,28
283900;9,5
284000;9,73
284100;9,61
284200;9,28
284300;9,39
284400;9,73
284500;9,34
284600;9,55
284700;9,73
284800;9,59
284900;9,3
285000;9,73
285100;9,34
285200;9,71
285300;9,35
285400;9,72
285500;9,55
285600;9,5
285700;9,22
285800;9,55
285900;9,62
286000;9,17
286100;9,53
286200;9,22
286300;9,52
286400;9,36
286500;9,3
286600;9,59
286700;9,11
286800;9,14
286900;9,6
287000;9,26
287100;9,13
287200;9,55
287300;9,56
287400;9,29
287500;9,62
287600;9,62
287700;9,63
287800;9,74
287900;9,28
288000;9,25
288100;9,53
288200;9,73
288300;9,52
288400;9,71
288500;9,53
288600;9,36
288700;9,55
288800;9,68
288900;9,31
289000;9,52
289100;9,73
289200;9,71
289300;9,47
289400;9,28
289500;9,4
289600;9,65
289700;9,68
289800;9,4
289900;9,26
290000;9,3
290100;9,3
290200;9,34
290300;9,43
290400;9,53
290500;9,66
290600;9,73
290700;9,73
290800;9,66
290900;9,29
291000;9,31
291100;9,72
291200;9,73
291300;9,26
291400;9,2
291500;9,61
291600;9,36
291700;9,14
291800;9,26
291900;9,23
292000;9,6
292100;9,46
292200;9,59
292300;9,2
292400;9,53
292500;9,51
292600;9,34
292700;9,48
292800;9,52
292900;9,11
293000;9,11
293100;9,4
293200;9,33
293300;9,24
293400;9,21
293500;9,73
293600;9,39
293700;9,73
293800;9,26
293900;9,6
294000;9,8
294100;9,68
294200;9,69
294300;9,73
294400;9,73
294500;9,31
294600;9,32
294700;9,34
294800;9,41
294900;9,38
295000;9,34
295100;9,38
295200;9,3
295300;9,3
295400;9,3
295500;9,37
295600;9,39
295700;9,73
295800;9,34
295900;9,75
296000;9,33
296100;9,64
296200;9,74
296300;9,73
296400;9,73
296500;9,61
296600;9,52
296700;9,5
296800;9,25
296900;9,26
297000;9,37
297100;9,73
297200;9,31
297300;9,22
297400;9,72
297500;9,65
297600;9,58
297700;9,61
297800;9,3
297900;9,6
298000;9,37
298100;9,34
298200;9,46
298300;9,18
298400;9,61
298500;9,28
298600;9,24
298700;9,14
298800;9,17
298900;9,57
299000;9,37
299100;9,15
299200;9,48
299300;9,58
299400;9,14
299500;9,46
299600;9,66
299700;9,36
299800;9,67
299900;9,73
300000;9,66
300100;9,63
300200;9,44
300300;9,72
300400;9,73
300500;9,77
300600;9,73
300700;9,73
300800;9,73
300900;9,73
301000;9,73
301100;9,71
301200;9,7
301300;9,73
301400;9,71
301500;9,67
301600;9,45
301700;9,32
301800;9,35
301900;9,7
302000;9,81
302100;9,63
302200;9,42
302300;9,33
302400;9,27
302500;9,29
302600;9,32
302700;9,26
302800;9,33
302900;9,29
303000;9,47
303100;9,63
303200;9,7
303300;9,75
303400;9,73
303500;9,64
303600;9,73
303700;9,73
303800;9,69
303900;9,54
304000;9,61
304100;9,61
304200;9,48
304300;9,37
304400;9,52
304500;9,59
304600;9,59
304700;9,17
304800;9,56
304900;9,17
305000;9,61
305100;9,48
305200;9,43
305300;9,56
305400;9,25
305500;9,51
305600;9,16
305700;9,52
305800;9,45
305900;9,17
306000;9,69
306100;9,71
306200;9,79
306300;9,27
306400;9,67
306500;9,69
306600;9,38
306700;9,69
306800;9,37
306900;9,51
307000;9,73
307100;9,41
307200;9,72
307300;9,35
307400;9,74
307500;9,47
307600;9,67
307700;9,68
307800;9,34
307900;9,68
308000;9,75
308100;9,61
308200;9,3
308300;9,31
308400;9,49
308500;9,72
308600;9,79
308700;9,71
308800;9,34
308900;9,31
309000;9,66
309100;9,71
309200;9,32
309300;9,75
309400;9,55
309500;9,24
309600;9,28
309700;9,73
309800;9,23
309900;9,24
310000;9,21
310100;9,34
310200;9,57
310300;9,63
310400;9,63
310500;9,22
310600;9,59
310700;9,51
310800;9,58
310900;9,47
311000;9,19
311100;9,48
311200;9,45
311300;9,19
311400;9,48
311500;9,61
311600;9,11
311700;9,22
311800;9,26
311900;9,37
312000;9,75
312100;9,63
312200;9,48
312300;9,4
312400;9,48
312500;9,54
312600;9,74
312700;9,77
312800;9,7
312900;9,35
313000;9,29
313100;9,48
313200;9,61
313300;9,79
313400;9,6
313500;9,34
313600;9,78
313700;9,32
313800;9,73
313900;9,64
314000;9,28
314100;9,47
314200;9,58
314300;9,67
314400;9,73
314500;9,46
314600;9,53
314700;9,6
314800;9,32
314900;9,62
315000;9,28
315100;9,55
315200;9,54
315300;9,22
315400;9,6
315500;9,24
315600;9,1
315700;9,59
315800;9,57
315900;9,38
316000;9,55
316100;9,61
316200;9,19
316300;9,53
316400;9,15
316500;9,49
316600;9,63
316700;9,21
316800;9,63
316900;9,33
317000;9,42
317100;9,61
317200;9,78
317300;9,61
317400;9,35
317500;9,73
317600;9,58
317700;9,39
317800;9,41
317900;9,61
318000;9,68
318100;9,69
318200;9,73
318300;9,73
318400;9,75
318500;9,67
318600;9,45
318700;9,41
318800;9,75
318900;9,71
319000;9,29
319100;9,63
319200;9,7
319300;9,48
319400;9,57
319500;9,66
319600;9,67
319700;9,48
319800;9,68
319900;9,63
320000;9,11
320100;9,1
320200;9,55
320300;9,35
320400;9,09
320500;9,42
320600;9,54
320700;9,55
320800;9,15
320900;9,54
321000;9,62
321100;9,63
321200;9,48
321300;9,3
321400;9,67
321500;9,55
321600;9,46
321700;9,28
321800;9,55
321900;9,63
322000;9,56
322100;9,3
322200;9,65
322300;9,75
322400;9,35
322500;9,71
322600;9,72
322700;9,32
322800;9,75
322900;9,34
323000;9,27
323100;9,29
323200;9,35
323300;9,48
323400;9,73
323500;9,76
323600;9,75
323700;9,75
323800;9,73
323900;9,69
324000;9,28
324100;9,29
324200;9,48
324300;9,61
324400;9,61
324500;9,15
324600;9,15
324700;9,21
324800;9,36
324900;9,52
325000;9,56
325100;9,15
325200;9,5
325300;9,18
325400;9,54
325500;9,54
325600;9,09
325700;9,19
325800;9,37
325900;9,24
326000;9,42
326100;9,35
326200;9,75
326300;9,39
326400;9,54
326500;9,73
326600;9,43
326700;9,67
326800;9,53
326900;9,6
327000;9,65
327100;9,38
327200;9,64
327300;9,51
327400;9,73
327500;9,26
327600;9,73
327700;9,42
327800;9,73
327900;9,29
328000;9,75
328100;9,38
328200;9,68
328300;9,44
328400;9,74
328500;9,32
328600;9,7
328700;9,72
328800;9,28
328900;9,21
329000;9,68
329100;9,71
329200;9,2
329300;9,59
329400;9,24
329500;9,45
329600;9,59
329700;9,42
329800;9,52
329900;9,48
330000;9,15
330100;9,52
330200;9,44
330300;9,55
330400;9,61
330500;9,35
330600;9,58
330700;9,73
330800;9,74
330900;9,63
331000;9,34
331100;9,62
331200;9,72
331300;9,31
331400;9,6
331500;9,71
331600;9,28
331700;9,74
331800;9,34
331900;9,62
332000;9,65
332100;9,3
332200;9,86
332300;9,29
332400;9,67
332500;9,42
332600;9,74
332700;9,36
332800;9,67
332900;9,36
333000;9,76
333100;9,28
333200;9,34
333300;9,66
333400;9,34
333500;9,49
333600;9,22
333700;9,17
333800;9,5
333900;9,12
334000;9,48
334100;9,15
334200;9,46
334300;9,14
334400;9,35
334500;9,53
334600;9,59
334700;9,27
334800;9,15
334900;9,23
335000;9,58
335100;9,36
335200;9,55
335300;9,51
335400;9,34
335500;9,53
335600;9,29
335700;9,48
335800;9,74
335900;9,32
336000;9,79
336100;9,26
336200;9,73
336300;9,45
336400;9,61
336500;9,66
336600;9,27
336700;9,69
336800;9,51
336900;9,42
337000;9,66
337100;9,28
337200;9,71
337300;9,68
337400;9,31
337500;9,73
337600;9,63
337700;9,3
337800;9,42
337900;9,6
338000;9,42
338100;9,35
338200;9,54
338300;9,65
338400;9,4
338500;9,46
338600;9,63
338700;9,6
338800;9,22
338900;9,22
339000;9,57
339100;9,27
339200;9,22
339300;9,35
339400;9,5
339500;9,48
339600;9,61
339700;9,57
339800;9,61
339900;9,61
340000;9,63
340100;9,61
340200;9,15
340300;9,12
340400;9,18
340500;9,32
340600;9,67
340700;9,26
340800;9,6
340900;9,73
341000;9,7
341100;9,5
341200;9,29
341300;9,61
341400;9,71
341500;9,3
341600;9,61
341700;9,75
341800;9,73
341900;9,76
342000;9,63
342100;9,37
342200;9,39
342300;9,76
342400;9,64
342500;9,34
342600;9,32
342700;9,29
342800;9,31
342900;9,29
343000;9,43
343100;9,5
343200;9,63
343300;9,57
343400;9,65
343500;9,48
343600;9,3
343700;9,69
343800;9,34
343900;9,34
344000;9,67
344100;9,15
344200;9,69
344300;9,19
344400;9,62
344500;9,68
344600;9,22
344700;9,61
344800;9,61
344900;9,26
345000;9,3
345100;9,66
345200;9,73
345300;9,74
345400;9,73
345500;9,72
345600;9,69
345700;9,69
345800;9,78
345900;9,75
346000;9,73
346100;9,76
346200;9,74
346300;9,73
346400;9,63
346500;9,36
346600;9,27
346700;9,33
346800;9,28
346900;9,31
347000;9,45
347100;9,39
347200;9,36
347300;9,38
347400;9,47
347500;9,6
347600;9,61
347700;9,62
347800;9,63
347900;9,63
348000;9,62
348100;9,61
348200;9,55
348300;9,61
348400;9,73
348500;9,48
348600;9,65
348700;9,28
348800;9,34
348900;9,54
349000;9,73
349100;9,54
349200;9,36
349300;9,63
349400;9,69
349500;9,26
349600;9,31
349700;9,21
349800;9,68
349900;9,31
350000;9,61
350100;9,23
350200;9,34
350300;9,61
350400;9,46
350500;9,17
350600;9,35
350700;9,45
350800;9,52
350900;9,53
351000;9,23
351100;9,24
351200;9,15
351300;9,19
351400;9,41
351500;9,28
351600;9,67
351700;9,22
351800;9,65
351900;9,35
352000;9,53
352100;9,54
352200;9,61
352300;9,24
352400;9,62
352500;9,7
352600;9,59
352700;9,26
352800;9,48
352900;9,71
353000;9,69
353100;9,61
353200;9,28
353300;9,36
353400;9,73
353500;9,61
353600;9,3
353700;9,59
353800;9,3
353900;9,71
354000;9,67
354100;9,57
354200;9,66
354300;9,63
354400;9,46
354500;9,61
354600;9,55
354700;9,31
354800;9,35
354900;9,42
355000;9,48
355100;9,36
355200;9,13
355300;9,35
355400;9,49
355500;9,45
355600;9,52
355700;9,4
355800;9,44
355900;9,45
356000;9,09
356100;9,48
356200;9,48
356300;9,28
356400;9,48
356500;9,22
356600;9,47
356700;9,28
356800;9,2
356900;9,7
357000;9,29
357100;9,28
357200;9,5
357300;9,7
357400;9,71
357500;9,5
357600;9,28
357700;9,4
357800;9,66
357900;9,68
358000;9,24
358100;9,69
358200;9,34
358300;9,61
358400;9,54
358500;9,22
358600;9,67
358700;9,3
358800;9,75
358900;9,33
359000;9,57
359100;9,34
359200;9,76
359300;9,27
359400;9,65
359500;9,65
359600;9,27
359700;9,25
359800;9,48
359900;9,22
360000;9,62
360100;9,13
360200;9,37
360300;9,55
360400;9,54
360500;9,11
360600;9,5
360700;9,48
360800;9,47
360900;9,05
361000;9,1
361100;9,42
361200;9,13
361300;9,28
361400;9,54
361500;9,68
361600;9,38
361700;9,65
361800;9,24
361900;9,66
362000;9,68
362100;9,28
362200;9,36
362300;9,71
362400;9,58
362500;9,3
362600;9,42
362700;9,73
362800;9,48
362900;9,48
363000;9,57
363100;9,22
363200;9,7
363300;9,3
363400;9,61
363500;9,69
363600;9,37
363700;9,54
363800;9,22
363900;9,02
364000;9,67
364100;9,22
364200;9,41
364300;9,15
364400;9,55
364500;9,24
364600;9,34
364700;9,09
364800;9,35
364900;9,14
365000;9,4
365100;9,14
365200;9,12
365300;9,63
365400;9,55
365500;9,22
365600;9,4
365700;9,58
365800;9,52
365900;9,26
366000;9,66
366100;9,51
366200;9,61
366300;9,26
366400;9,71
366500;9,66
366600;9,33
366700;9,69
366800;9,54
366900;9,22
367000;9,29
367100;9,25
367200;9,66
367300;9,66
367400;9,51
367500;9,17
367600;9,48
367700;9,63
367800;9,67
367900;9,31
368000;9,59
368100;9,63
368200;9,38
368300;9,65
368400;9,23
368500;8,13
368600;5,41
368700;2,9
368800;1,14
368900;0
369000;0
369100;0
369200;0
369300;0
369400;0
369500;0
369600;0
369700;0
369800;0
369900;0
370000;0
370100;0
370200;0
370300;0
370400;0
370500;0
370600;0
370700;0
370800;0
370900;0
371000;0
371100;0
371200;0
371300;0
371400;0
371500;0
371600;0
371700;0
371800;0
371900;0
372000;0
372100;0
372200;0
372300;0
372400;0
372500;0
372600;0
372700;0
372800;0
372900;0
373000;0
373100;0
373200;0
373300;0
373400;0
373500;0
373600;0
373700;0
373800;0
373900;0
374000;0
374100;0
374200;0
374300;0
374400;0
374500;0
374600;0
374700;0
374800;0
374900;0
375000;0
375100;0
375200;0
375300;0
375400;0
375500;0
375600;0
375700;0
375800;0
375900;0
376000;0
376100;0
376200;0
376300;0
376400;0
376500;0
376600;0
376700;0
376800;0
376900;0
377000;0
377100;0
377200;0
377300;0
377400;0
377500;0
377600;0
377700;0
377800;0
377900;0
378000;0
378100;0
378200;0
378300;0
378400;0
378500;0
378600;0
378700;0
378800;0
378900;0
379000;0
379100;0
379200;0
379300;0
379400;0
379500;0
379600;0
379700;0
379800;0
379900;0
380000;0
380100;0
380200;0
380300;0
380400;0
380500;0
380600;0
380700;0
380800;0
380900;0
381000;0
381100;0
381200;0
381300;0
381400;0
381500;0
381600;0
381700;0
381800;0
381900;0
382000;0
382100;0
382200;0
382300;0
382400;0
382500;0
382600;0
382700;0
382800;0
382900;0
383000;0
383100;0
383200;0
383300;0
383400;0
383500;0
383600;0
383700;0
383800;0
383900;0
384000;0
384100;0
384200;0
384300;0
384400;0
384500;0
384600;0
384700;0
384800;0
384900;0
385000;0
385100;0
385200;0
385300;0
385400;0
385500;0
385600;0
385700;0
385800;0
385900;0
386000;0
386100;0
386200;0
386300;0
386400;0
386500;0
386600;0
386700;0
386800;0
386900;0
387000;0
387100;0
387200;0
387300;0
387400;0
387500;0
387600;0
387700;0
387800;0
387900;0
388000;0
388100;0
388200;0
388300;0
388400;0
